0.00048296291314453414	0
0.0014488887394336026	0
0.002414814565722671	0
0.0033807403920117387	0
0.004346666218300808	0
0.005312592044589876	0
0.0062785178708789436	0
0.007244443697168012	0
0.00821036952345708	0
0.009176295349746148	0
0.010142221176035218	0
0.011108147002324285	0
0.012074072828613353	0
0.013039998654902423	0
0.01400592448119149	0
0.014971850307480558	0
0.015937776133769628	0
0.016903701960058692	0
0.017869627786347764	0
0.01883555361263683	0
0.0198014794389259	0
0.020767405265214967	0
0.02173333109150404	0
0.022699256917793103	0
0.023665182744082174	0
0.024631108570371242	0
0.02559703439666031	0
0.026562960222949378	0
0.02752888604923845	0
0.028494811875527513	0
0.029460737701816585	0
0.030426663528105653	0
0.03139258935439472	0
0.03235851518068379	0
0.033324441006972856	0
0.03429036683326193	0
0.03525629265955099	0
0.036222218485840056	0
0.037188144312129134	0
0.0381540701384182	0
0.03911999596470726	0
0.040085921790996334	0
0.041051847617285406	0
0.04201777344357447	0
0.04298369926986354	0
0.043949625096152606	0
0.04491555092244168	0
0.04588147674873075	0
0.04684740257501981	0
0.04781332840130888	0
0.048779254227597955	0
0.04974518005388702	0
0.050711105880176084	0
0.051677031706465155	0
0.05264295753275423	0
0.05360888335904329	0
0.05457480918533236	0
0.05554073501162143	0
0.0565066608379105	0
0.05747258666419957	0
0.058438512490488634	0
0.0594044383167777	0
0.060370364143066776	0
0.06133628996935584	0
0.062302215795644905	0
0.06326814162193398	0
0.06423406744822305	0
0.0651999932745121	0
0.06616591910080118	0
0.06713184492709025	0
0.06809777075337932	0
0.06906369657966839	0
0.07002962240595745	0
0.07099554823224652	0
0.07196147405853559	0
0.07292739988482465	0
0.07389332571111373	0
0.0748592515374028	0
0.07582517736369186	0
0.07679110318998093	0
0.07775702901626999	0
0.07872295484255906	0
0.07968888066884815	0
0.0806548064951372	0
0.08162073232142628	0
0.08258665814771535	0
0.0835525839740044	0
0.08451850980029348	0
0.08548443562658255	0
0.08645036145287162	0
0.08741628727916069	0
0.08838221310544975	0
0.08934813893173882	0
0.09031406475802788	0
0.09127999058431696	0
0.09224591641060603	0
0.09321184223689509	0
0.09417776806318416	0
0.09514369388947323	0
0.09610961971576229	0
0.09707554554205136	0
0.09804147136834043	0
0.0990073971946295	0
0.09997332302091858	0
0.10093924884720763	0
0.1019051746734967	0
0.10287110049978578	0
0.10383702632607485	0
0.10480295215236392	0
0.10576887797865298	0
0.10673480380494205	0
0.10770072963123112	0
0.10866665545752018	0
0.10963258128380926	0
0.11059850711009832	0
0.11156443293638739	0
0.11253035876267646	0
0.11349628458896552	0
0.11446221041525459	0
0.11542813624154367	0
0.11639406206783273	0
0.1173599878941218	0
0.11832591372041086	0
0.11929183954669993	0
0.120257765372989	0
0.12122369119927807	0
0.12218961702556715	0
0.12315554285185622	0
0.12412146867814527	0
0.12508739450443435	0
0.12605332033072342	0
0.1270192461570125	0
0.12798517198330156	0
0.1289510978095906	0
0.1299170236358797	0
0.13088294946216877	0
0.13184887528845785	0
0.1328148011147469	0
0.13378072694103596	0
0.13474665276732503	0
0.1357125785936141	0
0.13667850441990317	0
0.13764443024619222	0
0.1386103560724813	0
0.13957628189877036	0
0.14054220772505943	0
0.14150813355134853	0
0.14247405937763757	0
0.14343998520392665	0
0.14440591103021572	0
0.1453718368565048	0
0.14633776268279386	0
0.14730368850908293	0
0.14826961433537197	0
0.14923554016166105	0
0.15020146598795012	0
0.1511673918142392	0
0.15213331764052826	0
0.15309924346681733	0
0.1540651692931064	0
0.15503109511939547	0
0.15599702094568454	0
0.15696294677197362	0
0.15792887259826266	0
0.15889479842455173	0
0.1598607242508408	0
0.16082665007712987	0
0.16179257590341894	0
0.162758501729708	0
0.16372442755599706	0
0.16469035338228613	0
0.16565627920857523	0
0.1666222050348643	0
0.16758813086115337	0
0.16855405668744242	0
0.1695199825137315	0
0.17048590834002056	0
0.17145183416630963	0
0.1724177599925987	0
0.17338368581888775	0
0.17434961164517682	0
0.1753155374714659	0
0.17628146329775496	0
0.17724738912404406	0
0.1782133149503331	0
0.17917924077662217	0
0.18014516660291124	0
0.18111109242920032	0
0.1820770182554894	0
0.18304294408177843	0
0.1840088699080675	0
0.18497479573435657	0
0.18594072156064564	0
0.18690664738693472	0
0.1878725732132238	0
0.18883849903951286	0
0.18980442486580193	0
0.190770350692091	0
0.19173627651838007	0
0.19270220234466914	0
0.1936681281709582	0
0.19463405399724726	0
0.19559997982353633	0
0.1965659056498254	0
0.19753183147611447	0
0.19849775730240352	0
0.1994636831286926	0
0.2004296089549817	0
0.20139553478127076	0
0.20236146060755983	0
0.2033273864338489	0
0.20429331226013794	0
0.20525923808642701	0
0.2062251639127161	0
0.20719108973900516	0
0.20815701556529423	0
0.20912294139158327	0
0.21008886721787234	0
0.21105479304416142	0
0.21202071887045051	0
0.21298664469673959	0
0.21395257052302863	0
0.2149184963493177	0
0.21588442217560677	0
0.21685034800189584	0
0.21781627382818491	0
0.21878219965447396	0
0.21974812548076303	0
0.2207140513070521	0
0.22167997713334117	0
0.22264590295963024	0
0.2236118287859193	0
0.22457775461220839	0
0.22554368043849746	0
0.22650960626478653	0
0.2274755320910756	0
0.22844145791736467	0
0.22940738374365371	0
0.23037330956994279	0
0.23133923539623186	0
0.23230516122252093	0
0.23327108704881	0
0.23423701287509904	0
0.23520293870138811	0
0.2361688645276772	0
0.23713479035396628	0
0.23810071618025536	0
0.2390666420065444	0
0.24003256783283347	0
0.24099849365912254	0
0.2419644194854116	0
0.24293034531170069	0
0.24389627113798976	0
0.2448621969642788	0
0.24582812279056787	0
0.24679404861685694	0
0.24775997444314604	0
0.2487259002694351	0
0.24969182609572416	0
0.2506577519220132	0
0.2516236777483023	0
0.25258960357459137	0
0.25355552940088044	0
0.2545214552271695	0
0.2554873810534586	0
0.25645330687974766	0
0.2574192327060367	0
0.25838515853232574	0
0.25935108435861487	0
0.2603170101849039	0
0.261282936011193	0
0.26224886183748203	0
0.2632147876637711	0
0.26418071349006017	0
0.26514663931634924	0
0.26611256514263837	0
0.2670784909689274	0
0.26804441679521646	0
0.2690103426215055	0
0.2699762684477946	0
0.27094219427408367	0
0.27190812010037274	0
0.27287404592666176	0
0.2738399717529509	0
0.2748058975792399	0
0.275771823405529	0
0.2767377492318181	0
0.2777036750581071	0
0.27866960088439624	0
0.27963552671068526	0
0.2806014525369744	0
0.2815673783632634	0
0.28253330418955247	0
0.28349923001584154	0
0.2844651558421306	0
0.2854310816684197	0
0.28639700749470876	0
0.28736293332099777	0
0.2883288591472869	0
0.28929478497357597	0
0.29026071079986504	0
0.2912266366261541	0
0.2921925624524432	0
0.29315848827873225	0
0.29412441410502127	0
0.2950903399313104	0
0.2960562657575994	0
0.29702219158388854	0
0.29798811741017756	0
0.2989540432364666	0
0.2999199690627557	0
0.30088589488904477	0
0.3018518207153339	0
0.3028177465416229	0
0.303783672367912	0
0.30474959819420105	0
0.3057155240204901	0
0.3066814498467792	0
0.30764737567306827	0
0.3086133014993573	0
0.3095792273256464	0
0.3105451531519354	0
0.31151107897822455	0
0.3124770048045136	0
0.31344293063080264	0
0.31440885645709177	0
0.3153747822833808	0
0.3163407081096699	0
0.3173066339359589	0
0.318272559762248	0
0.31923848558853707	0
0.32020441141482614	0
0.3211703372411152	0
0.3221362630674043	0
0.3231021888936933	0
0.3240681147199824	0
0.3250340405462715	0
0.32599996637256057	0
0.32696589219884964	0
0.32793181802513865	0
0.3288977438514278	0
0.3298636696777168	0
0.3308295955040059	0
0.33179552133029494	0
0.33276144715658407	0
0.3337273729828731	0
0.33469329880916215	0
0.3356592246354513	0
0.3366251504617403	0
0.3375910762880294	0
0.33855700211431844	0
0.3395229279406075	0
0.3404888537668966	0
0.34145477959318565	0
0.3424207054194747	0
0.3433866312457638	0
0.3443525570720528	0
0.34531848289834194	0
0.34628440872463095	0
0.3472503345509201	0
0.34821626037720915	0
0.34918218620349817	0
0.3501481120297873	0
0.3511140378560763	0
0.35207996368236544	0
0.35304588950865445	0
0.3540118153349435	0
0.3549777411612326	0
0.35594366698752167	0
0.35690959281381074	0
0.3578755186400998	0
0.3588414444663888	0
0.35980737029267795	0
0.360773296118967	0
0.3617392219452561	0
0.36270514777154517	0
0.3636710735978342	0
0.3646369994241233	0
0.3656029252504123	0
0.36656885107670145	0
0.36753477690299047	0
0.3685007027292796	0
0.3694666285555686	0
0.3704325543818577	0
0.3713984802081468	0
0.3723644060344358	0
0.37333033186072495	0
0.37429625768701397	0
0.37526218351330304	0
0.3762281093395921	0
0.3771940351658812	0
0.37815996099217025	0
0.3791258868184593	0
0.38009181264474834	0
0.38105773847103747	0
0.3820236642973265	0
0.3829895901236156	0
0.3839555159499047	0
0.3849214417761937	0
0.3858873676024828	0
0.38685329342877184	0
0.38781921925506097	0
0.38878514508135	0
0.38975107090763905	0
0.3907169967339281	0
0.3916829225602172	0
0.39264884838650627	0
0.39361477421279534	0
0.3945807000390844	0
0.3955466258653735	0
0.39651255169166255	0
0.3974784775179516	0
0.3984444033442407	0
0.3994103291705297	0
0.40037625499681884	0
0.40134218082310785	0
0.402308106649397	0
0.403274032475686	0
0.40423995830197507	0
0.40520588412826414	0
0.4061718099545532	0
0.40713773578084234	0
0.40810366160713135	0
0.4090695874334205	0
0.4100355132597095	0
0.41100143908599857	0
0.41196736491228764	0
0.4129332907385767	0
0.4138992165648658	0
0.41486514239115485	0
0.41583106821744387	0
0.416796994043733	0
0.417762919870022	0
0.41872884569631114	0.000001035276180410083
0.4196947715226002	0.000007246933262870581
0.4206606973488892	0.000013458590345331078
0.42162662317517835	0.00003105828541230249
0.42259254900146737	0.00004658742811845373
0.4235584748277565	0.00006211657082460498
0.4245244006540455	0.00008489264679362681
0.4254903264803346	0.0001397622843553612
0.42645625230662365	0.0001822086077521746
0.4274221781329127	0.0002256902073293981
0.4283881039592018	0.00024950155947883
0.42935402978549086	0.0003230061682879459
0.43031995561177994	0.0003768405296692702
0.431285881438069	0.00042135740542690377
0.4322518072643581	0.0004907209095143793
0.43321773309064715	0.0005911426990141574
0.4341836589169362	0.000686388107611885
0.43514958474322524	0.00074746940225608
0.43611551056951436	0.000836503153771347
0.4370814363958034	0.0009524540859772763
0.4380473622220925	0.0010621933611007451
0.4390132880483815	0.0011398390746315014
0.4399792138746706	0.0013665645581413097
0.44094513970095967	0.0014183283671618137
0.44191106552724874	0.0015239265375636421
0.44287699135353786	0.0017009587644137665
0.4438429171798269	0.001771357544681652
0.444808843006116	0.0019680600189595676
0.445774768832405	0.0021357747601860014
0.4467406946586941	0.0022693253874589018
0.44770662048498316	0.0024504987190306663
0.44867254631127224	0.0025985432128293085
0.4496384721375613	0.00274658770662795
0.4506043979638504	0.0030281828276994926
0.4515703237901394	0.003208320883090847
0.4525362496164285	0.0034101997382708134
0.4535021754427176	0.0036731598880949744
0.45446810126900666	0.003830521867517307
0.45543402709529573	0.004002377713465381
0.45639995292158475	0.004332630815016197
0.4573658787478739	0.004527262736933293
0.4583318045741629	0.004685659992536036
0.459297730400452	0.004861656943205749
0.46026365622674104	0.005294402386617165
0.4612295820530301	0.005580138612410347
0.4621955078793192	0.005892792018894193
0.46316143370560825	0.0059756141133269994
0.4641273595318973	0.006348313538274629
0.4650932853581864	0.006717907134681029
0.46605921118447546	0.006975690903603139
0.46702513701076454	0.007402224689932094
0.4679910628370536	0.007646549868508873
0.4689569886633427	0.00810207138788931
0.46992291448963175	0.008274962510017794
0.47088884031592076	0.008555522354908926
0.4718547661422099	0.008885775456459742
0.4728206919684989	0.00935786139472674
0.47378661779478803	0.009733666648215601
0.47475254362107705	0.01021817590064752
0.4757184694473661	0.010641603858435243
0.4766843952736552	0.01098428027415098
0.47765032109994426	0.011418060993742806
0.4786162469262334	0.011791795694870846
0.4795821727525224	0.012186235919607087
0.4805480985788115	0.012866412370136512
0.48151402440510055	0.013131443072321492
0.4824799502313896	0.013667716133773915
0.4834458760576787	0.01410253212954615
0.48441180188396776	0.014674004581132516
0.4853777277102568	0.015233053718553961
0.4863436535365459	0.015785891198892947
0.4873095793628349	0.016252800756257894
0.48827550518912405	0.016796320750973186
0.4892414310154131	0.017179372937724917
0.4902073568417022	0.017668023294878477
0.49117328266799126	0.018380293307000615
0.4921392084942803	0.018984894596360102
0.4931051343205694	0.019741681484239874
0.4940710601468584	0.020392870201717817
0.49503698597314755	0.0207096647129233
0.49600291179943656	0.021440569696292818
0.49696883762572563	0.02204931209037395
0.4979347634520147	0.022777111245202236
0.4989006892783038	0.02358876777064374
0.49986661510459285	0.024430447305317137
0.5008325409308819	0.024923238767192338
0.501798466757171	0.025662425960005137
0.5027643925834601	0.02617592294548854
0.5037303184097491	0.026965838671141433
0.5046962442360382	0.02804459645112874
0.5056621700623273	0.028529105703560657
0.5066280958886163	0.02966687422583134
0.5075940217149054	0.03017415955423228
0.5085599475411945	0.03089885288051934
0.5095258733674836	0.03178504929095037
0.5104917991937726	0.032858630690035626
0.5114577250200617	0.03370238077706984
0.5124236508463507	0.03450368454070725
0.5133895766726398	0.03537642236079295
0.5143555024989289	0.03636200528454334
0.515321428325218	0.03740556367439671
0.516287354151507	0.03820790271421452
0.517253279977796	0.038955372116470606
0.5182192058040852	0.04037266520745201
0.5191851316303743	0.04084164531717777
0.5201510574566632	0.04221856263712318
0.5211169832829523	0.043334590359605255
0.5220829091092414	0.04383255820238251
0.5230488349355306	0.045315073692729746
0.5240147607618196	0.046705449603020484
0.5249806865881086	0.04733696807307063
0.5259466124143977	0.04855652341359371
0.5269125382406867	0.05000694534234824
0.5278784640669759	0.051357980757783396
0.5288443898932649	0.05234770478625544
0.529810315719554	0.05327013586300082
0.530776241545843	0.05501250567463099
0.5317421673721321	0.05599084166511852
0.5327080931984212	0.057692835705712694
0.5336740190247102	0.059042835844967445
0.5346399448509993	0.06000771324510964
0.5356058706772884	0.06150368732580221
0.5365717965035774	0.06284644053179408
0.5375377223298665	0.0646850910282024
0.5385036481561556	0.0661945236992403
0.5394695739824447	0.06720598852750095
0.5404354998087337	0.06905602706189376
0.5414014256350227	0.07088225424413715
0.5423673514613119	0.07288965475795231
0.543333277287601	0.07368578214068766
0.54429920311389	0.07615905693568735
0.545265128940179	0.07715499262124184
0.5462310547664682	0.07915928730651577
0.5471969805927572	0.0801686815824156
0.5481629064190463	0.08261089809200299
0.5491288322453354	0.08415656542935523
0.5500947580716243	0.08619916533330434
0.5510606838979135	0.08870246313753591
0.5520266097242026	0.09038789275924353
0.5529925355504917	0.0924066813110432
0.5539584613767806	0.09477228738328022
0.5549243872030697	0.09607259426587529
0.5558903130293589	0.09851170494692145
0.556856238855648	0.10019713456862907
0.5578221646819369	0.10230392159576358
0.558788090508226	0.10426369940527987
0.559754016334515	0.10692228863657297
0.5607199421608042	0.1092868594326296
0.5616858679870933	0.11086151450303333
0.5626517938133823	0.11307389970056968
0.5636177196396713	0.11602754264327965
0.5645836454659604	0.11768916091283782
0.5655495712922496	0.12053720568514596
0.5665154971185385	0.12348360169459306
0.5674814229448276	0.12528705280086744
0.5684473487711167	0.12762988279713544
0.5694132745974058	0.1302532726382946
0.5703792004236948	0.13257953821567606
0.5713451262499839	0.13540377163583475
0.572311052076273	0.13816174738044723
0.573276977902562	0.14051700069088016
0.5742429037288511	0.1429747463431737
0.5752088295551402	0.14547390304268362
0.5761747553814293	0.14833747695769792
0.5771406812077183	0.15156339753585574
0.5781066070340074	0.15342275355587226
0.5790725328602964	0.15681535359907608
0.5800384586865855	0.1597721023703273
0.5810043845128746	0.16346803833439127
0.5819703103391637	0.16574461065511306
0.5829362361654528	0.16812574587005624
0.5839021619917417	0.1710255544513849
0.5848680878180309	0.17393364524215682
0.58583401364432	0.17752708886436022
0.586799939470609	0.18054077782553396
0.587765865296898	0.18350063242532638
0.5887317911231871	0.18737774172096217
0.5896977169494763	0.18939756554894221
0.5906636427757653	0.19316493556945452
0.5916295686020543	0.19677183778200324
0.5925954944283434	0.19934967547122434
0.5935614202546324	0.2030797755492419
0.5945273460809216	0.20618042770957007
0.5954932719072107	0.21005546645284504
0.5964591977334996	0.21309710787088984
0.5974251235597887	0.21699078158541216
0.5983910493860778	0.22093311328041376
0.599356975212367	0.224879586080137
0.6003229010386559	0.22831152661819643
0.601288826864945	0.23097115112566993
0.6022547526912341	0.23557398902377316
0.6032206785175231	0.23948733298572328
0.6041866043438122	0.24367398985930164
0.6051525301701013	0.24666490274450636
0.6061184559963904	0.24961026347777307
0.6070843818226794	0.2548218437699574
0.6080503076489685	0.2587455404937116
0.6090162334752576	0.2619538613768025
0.6099821593015466	0.2673372975149349
0.6109480851278357	0.27204676885962037
0.6119140109541248	0.27549423854038596
0.6128799367804137	0.2794324291306659
0.6138458626067029	0.28393691579163016
0.614811788432992	0.28735022135844224
0.6157777142592811	0.29330720050052184
0.61674364008557	0.2969679370744519
0.6177095659118591	0.30147138845923577
0.6186754917381483	0.30608354384296266
0.6196414175644374	0.31054558418053013
0.6206073433907264	0.3153461598290917
0.6215732692170154	0.3198433995567931
0.6225391950433046	0.32398657483079424
0.6235051208695936	0.3305222733577231
0.6244710466958827	0.3350391833328523
0.6254369725221717	0.341599728488111
0.6264028983484607	0.34409888518762094
0.6273688241747499	0.34971111736162397
0.628334750001039	0.3553606194781218
0.629300675827328	0.3606539865885586
0.630266601653617	0.3648851603378946
0.6312325274799061	0.37063094313917055
0.6321984533061953	0.3757659129940045
0.6331643791324844	0.3814578614338992
0.6341303049587733	0.3872098558922576
0.6350962307850624	0.3922920266618907
0.6360621566113515	0.39883807795062365
0.6370280824376406	0.4049234313390741
0.6379940082639296	0.4112065224779829
0.6389599340902187	0.416513348178765
0.6399258599165077	0.42125077198032157
0.6408917857427968	0.4290691776947785
0.641857711569086	0.4335446766226913
0.642823637395375	0.44023256074814043
0.643789563221664	0.4468345169506155
0.6447554890479531	0.45352550690460586
0.6457214148742422	0.4603759293903794
0.6466873407005312	0.4663826017891187
0.6476532665268203	0.47269985704198103
0.6486191923531094	0.47961446665094
0.6495851181793985	0.4857184550106378
0.6505510440056874	0.4938557257886611
0.6515169698319766	0.49983858683525095
0.6524828956582657	0.5077895079008004
0.6534488214845547	0.5153138951800209
0.6544147473108438	0.5218702992305579
0.6553806731371328	0.5301638967118231
0.656346598963422	0.537154081481952
0.657312524789711	0.5445656236575077
0.6582784506160001	0.5514771274379254
0.6592443764422891	0.5591257478587952
0.6602103022685781	0.5665114081298407
0.6611762280948673	0.5763796606815096
0.6621421539211564	0.5822175830628421
0.6631080797474453	0.5907679290368489
0.6640740055737344	0.5981132135368585
0.6650399314000235	0.6059927005459597
0.6660058572263127	0.6163837675687356
0.6669717830526017	0.6235716900893228
0.6679377088788907	0.6326738382674882
0.6689036347051798	0.6398752193784208
0.6698695605314688	0.6519020227662448
0.670835486357758	0.6590858041821104
0.671801412184047	0.6671019476470256
0.6727673380103361	0.6764608443179327
0.6737332638366251	0.6853362670125884
0.6746991896629142	0.6942106544310637
0.6756651154892033	0.7036813609294551
0.6766310413154923	0.7126665228992342
0.6775969671417814	0.7212510329871946
0.6785628929680705	0.7303987333172981
0.6795288187943596	0.7415362344661497
0.6804947446206486	0.7504013043990013
0.6814606704469377	0.7615181000242448
0.6824265962732268	0.7721027636927574
0.6833925220995158	0.7816407631428756
0.6843584479258048	0.7902760017636761
0.685324373752094	0.8007188325954725
0.6862902995783831	0.8117362417073967
0.6872562254046721	0.8237081754576588
0.6882221512309611	0.8310938357287044
0.6891880770572502	0.8431092510785438
0.6901540028835393	0.8542633166462821
0.6911199287098284	0.8662176507014773
0.6920858545361175	0.8751520841384163
0.6930517803624064	0.8891593708593647
0.6940177061886955	0.898654923986086
0.6949836320149847	0.9091712594266916
0.6959495578412738	0.9228586458078933
0.6969154836675627	0.9348699200530111
0.6978814094938518	0.9447951127946026
0.698847335320141	0.958739247668546
0.69981326114643	0.9694377917169038
0.7007791869727191	0.9830547793178376
0.7017451127990081	0.9949076563073527
0.7027110386252972	1.0081136392646637
0.7036769644515863	1.02171199189435
0.7046428902778754	1.0326248381120529
0.7056088161041644	1.0476073549949476
0.7065747419304534	1.059045086236118
0.7075406677567425	1.0751146431084435
0.7085065935830317	1.0871621520198755
0.7094725194093207	1.1015928666986117
0.7104384452356097	1.1146539109906652
0.7114043710618988	1.1271610825261995
0.7123702968881879	1.1414903401392555
0.713336222714477	1.155081445835679
0.714302148540766	1.1696063706468325
0.7152680743670551	1.1851531130480508
0.7162340001933442	1.199092071541092
0.7171999260196332	1.212545485505521
0.7181658518459223	1.229202043972139
0.7191317776722114	1.2422610177118316
0.7200977034985004	1.259380344631093
0.7210636293247895	1.2715386280938288
0.7220295551510785	1.2913134384158418
0.7229954809773677	1.3055764383533517
0.7239614068036567	1.3203280886480149
0.7249273326299458	1.3361098387421861
0.7258932584562349	1.3535656304200805
0.7268591842825238	1.3703360692665436
0.727825110108813	1.385769966564097
0.7287910359351021	1.4001716935097817
0.7297569617613912	1.4173448547904242
0.7307228875876801	1.4331856156268787
0.7316888134139692	1.4528610394355725
0.7326547392402584	1.4675402203976071
0.7336206650665474	1.4869040260759971
0.7345865908928364	1.504181750250861
0.7355525167191255	1.5210567519915454
0.7365184425454145	1.5395592078878344
0.7374843683717037	1.5569528829949042
0.7384502941979928	1.5767494341167059
0.7394162200242818	1.5956887765611278
0.7403821458505708	1.614317536151427
0.7413480716768599	1.6311832204064876
0.7423139975031491	1.6508721028055267
0.743279923329438	1.6677512456509325
0.7442458491557271	1.689397835307127
0.7452117749820162	1.70808664091589
0.7461777008083053	1.7267495646201423
0.7471436266345943	1.7477035545116424
0.7481095524608834	1.7683500673775607
0.7490754782871725	1.7874281368301577
0.7500414041134615	1.8067246495568212
0.7510073299397506	1.829248118137823
0.7519732557660397	1.8481098148687143
0.7529391815923288	1.8714780688129307
0.7539051074186178	1.8935967444073922
0.7548710332449069	1.9119687555049496
0.7558369590711959	1.9362573699735504
0.756802884897485	1.9585334075474343
0.7577688107237741	1.9775348665626808
0.7587347365500632	2.000601855138398
0.7597006623763523	2.0213684600412436
0.7606665882026412	2.0448557707462074
0.7616325140289304	2.0687126750475775
0.7625984398552195	2.0908033981851677
0.7635643656815085	2.1132088452816027
0.7645302915077975	2.1387159798145463
0.7654962173340866	2.1631888734432603
0.7664621431603758	2.186963990926378
0.7674280689866648	2.21198765148307
0.7683939948129538	2.235688229081198
0.7693599206392429	2.260092794482005
0.7703258464655319	2.2820748136206523
0.7712917722918211	2.309899931521534
0.7722576981181102	2.3355602869291783
0.7732236239443991	2.361383180697147
0.7741895497706882	2.387386212520507
0.7751554755969774	2.41233636846839
0.7761214014232665	2.439937866714303
0.7770873272495554	2.4691378313827697
0.7780532530758445	2.492074375159755
0.7790191789021336	2.522447307740626
0.7799851047284228	2.546766980494639
0.7809510305547117	2.5774401431678293
0.7819169563810008	2.6050167947854126
0.7828828822072899	2.6312827867585966
0.7838488080335789	2.6603626593901355
0.7848147338598681	2.6893027697373193
0.7857806596861571	2.719486246777175
0.7867465855124461	2.74643552102943
0.7877125113387352	2.775525746422773
0.7886784371650243	2.8089175443457197
0.7896443629913134	2.837447685325461
0.7906102888176024	2.8679407099432592
0.7915762146438915	2.9015457747593705
0.7925421404701806	2.9328514911787913
0.7935080662964695	2.9661418320360577
0.7944739921227587	2.9913218192959916
0.7954399179490478	3.025201232299912
0.7964058437753369	3.05826795350221
0.7973717696016259	3.0906068755496796
0.7983376954279149	3.1264305372204095
0.7993036212542041	3.1558665448580094
0.8002695470804931	3.19219542130478
0.8012354729067822	3.2243138295258222
0.8022013987330712	3.2611168624632203
0.8031673245593602	3.298689105602663
0.8041332503856494	3.333505443549854
0.8050991762119385	3.3657977781692052
0.8060651020382275	3.4019113171704505
0.8070310278645165	3.4406513518413955
0.8079969536908056	3.4816441474809134
0.8089628795170948	3.5153951862384623
0.8099288053433839	3.555089745547746
0.8108947311696728	3.589669005249623
0.8118606569959619	3.6313026368448145
0.812826582822251	3.6741123421809516
0.8137925086485401	3.705448081609604
0.8147584344748291	3.74633527907872
0.8157243603011182	3.786321786270879
0.8166902861274072	3.8225885461468248
0.8176562119536963	3.86561980058557
0.8186221377799855	3.902913554432482
0.8195880636062745	3.942928014081512
0.8205539894325635	3.9782112615860683
0.8215199152588526	4.021078942388309
0.8224858410851417	4.057729789727186
0.8234517669114307	4.098170783162545
0.8244176927377198	4.138593141626657
0.8253836185640089	4.1739395409782185
0.826349544390298	4.215790580571296
0.8273154702165869	4.253610254717857
0.8282813960428761	4.29635991403553
0.8292473218691652	4.33167732565404
0.8302132476954542	4.371586187132668
0.8311791735217433	4.412349151460135
0.8321450993480323	4.452648312058778
0.8331110251743215	4.493519980385187
0.8340769510006105	4.531787929117866
0.8350428768268996	4.573958869050689
0.8360088026531886	4.615023098746656
0.8369747284794776	4.658955043462358
0.8379406543057668	4.695591396934709
0.8389065801320559	4.738027367569719
0.8398725059583448	4.774388337578082
0.8408384317846339	4.817633894186172
0.841804357610923	4.861294596542606
0.8427702834372122	4.9032874689724
0.8437362092635012	4.946971982680984
0.8447021350897902	4.985074287224797
0.8456680609160793	5.026429429527457
0.8466339867423683	5.067021573285157
0.8475999125686575	5.105562834929463
0.8485658383949465	5.148323882285121
0.8495317642212356	5.19868385680499
0.8504976900475246	5.231558016637731
0.8514636158738138	5.275816073350263
0.8524295417001028	5.317333754013248
0.8533954675263918	5.357919686113864
0.8543613933526809	5.397576975480653
0.85532731917897	5.445846727392273
0.8562932450052592	5.482499645283512
0.8572591708315481	5.528756820300415
0.8582250966578372	5.56593255266276
0.8591910224841263	5.616131024098484
0.8601569483104153	5.653847170627004
0.8611228741367044	5.69821910771938
0.8620887999629935	5.746953698636005
0.8630547257892826	5.78680561992471
0.8640206516155716	5.827936107296223
0.8649865774418606	5.8664866864261525
0.8659525032681498	5.914530748130443
0.8669184290944388	5.954766756882082
0.8678843549207279	6.004433096361074
0.868850280747017	6.041340692192694
0.8698162065733059	6.086449745925522
0.8707821323995951	6.130824788846439
0.8717480582258842	6.17096762274184
0.8727139840521733	6.218083041712304
0.8736799098784622	6.257718590279303
0.8746458357047513	6.298045703334817
0.8756117615310405	6.348491605777659
0.8765776873573295	6.3897960195474806
0.8775436131836186	6.424778001683538
0.8785095390099076	6.466699440056883
0.8794754648361967	6.5078392449140186
0.8804413906624858	6.538222530256694
0.8814073164887749	6.566600485637915
0.8823732423150639	6.59986183876213
0.8833391681413529	6.622711419339961
0.884305093967642	6.643425225157606
0.8852710197939312	6.659227680775385
0.8862369456202202	6.6785397226447545
0.8872028714465092	6.6868540256496285
0.8881687972727983	6.704155561176641
0.8891347230990874	6.702782784961418
0.8901006489253765	6.712036083461923
0.8910665747516655	6.716683438235784
0.8920325005779546	6.714131482451073
0.8929984264042437	6.711300002097651
0.8939643522305327	6.711395247506249
0.8949302780568218	6.70268753955282
0.8958962038831109	6.697406595756548
0.8968621297093999	6.684245129674995
0.897828055535689	6.667340104925079
0.898793981361978	6.650728063334219
0.8997599071882671	6.631719357385709
0.9007258330145562	6.60526494514769
0.9016917588408453	6.575064903688947
0.9026576846671344	6.538015475020612
0.9036236104934233	6.504424904071026
0.9045895363197125	6.460664815201272
0.9055554621460016	6.423168147223
0.9065213879722906	6.386544217064812
0.9074873137985796	6.345906521155175
0.9084532396248687	6.295569322711277
0.9094191654511579	6.248801756537431
0.9103850912774469	6.200918162641104
0.9113510171037359	6.1486108336258845
0.912316942930025	6.0977984434151775
0.913282868756314	6.03754433443913
0.9142487945826032	5.982906598741808
0.9152147204088923	5.91926920720818
0.9161806462351813	5.8495412859052
0.9171465720614703	5.784693656516674
0.9181124978877594	5.709974668747937
0.9190784237140486	5.624085050992575
0.9200443495403375	5.5398342754308025
0.9210102753666266	5.442367164149915
0.9219762011929157	5.33758686193061
0.9229421270192047	5.2290661068714845
0.9239080528454938	5.110366516406566
0.9248739786717829	4.986551626334242
0.925839904498072	4.858083169830974
0.926805830324361	4.733298225977606
0.9277717561506502	4.6007901218183775
0.9287376819769392	4.464711350112916
0.9297036078032282	4.327686335978559
0.9306695336295173	4.191515424693041
0.9316354594558064	4.053611461081515
0.9326013852820954	3.904440586798587
0.9335673111083845	3.7451778403090215
0.9345332369346736	3.587853130829184
0.9354991627609627	3.4203589034291775
0.9364650885872517	3.257709768553491
0.9374310144135408	3.086798094481951
0.9383969402398299	2.917669165993077
0.939362866066119	2.737124247062822
0.940328791892408	2.5559250335865467
0.941294717718697	2.357969875130335
0.9422606435449862	2.158759961943466
0.9432265693712752	1.9520360142391806
0.9441924951975643	1.750047419784091
0.9451584210238533	1.5545831358179456
0.9461243468501424	1.3722492596479414
0.9470902726764315	1.2127949870649999
0.9480561985027206	1.0751985004790565
0.9490221243290097	0.9465395531585936
0.9499880501552986	0.8348384296732476
0.9509539759815877	0.7360099302151207
0.9519199018078769	0.6462763320018964
0.952885827634166	0.5669700354777624
0.9538517534604549	0.4918648896937325
0.954817679286744	0.42488355609738054
0.9557836051130331	0.3620950910316894
0.9567495309393222	0.30573154994162327
0.9577154567656112	0.25471106921865355
0.9586813825919003	0.20806463035791642
0.9596473084181893	0.16593303091994768
0.9606132342444784	0.1279642770034079
0.9615791600707676	0.0937525403455763
0.9625450858970566	0.0640597842152347
0.9635110117233456	0.03885598560315123
0.9644769375496347	0.019092563319122752
0.9654428633759238	0.0044879222420777095
